Workbook

Sheet Tổng hợp
A1: TỔNG HỢP KẾT QUẢ KIỂM THỬ
A3: STT | B3: Tên màn hình/chức năng | C3: Manual test | L3: Vấn đề
C4: Số trường hợp kiểm thử đạt (P) | D4: Số trường hợp kiểm thử không đạt (F) | E4: Số trường hợp kiểm thử đang xem xét (PE) | F4: Số trường hợp kiểm thử chưa thực hiện | G4: Tổng số trường hợp kiểm thử | H4: Tỉ lệ trường hợp kiểm thử đạt (%P) | I4: Tỉ lệ trường hợp kiểm thử không đạt (%F) | J4: Tỉ lệ trường hợp kiểm thử đã thực hiện (%Cover) | K4: Tỉ lệ trường hợp kiểm thử PE (%)
A5: 1 | B5: ='KBKTCN_Tên chức năng'!$D$3 | C5: ='KBKTCN_Tên chức năng'!$D$7 | D5: ='KBKTCN_Tên chức năng'!$D$8 | E5: ='KBKTCN_Tên chức năng'!$D$9 | F5: ='KBKTCN_Tên chức năng'!$D$10 | G5: ='KBKTCN_Tên chức năng'!$D$11 | H5: =IF($G$5=0,0,$C$5/$G$5) | I5: =IF($G$5=0,0,$D$5/$G$5) | J5: =IF($G$5=0,0,($C$5+$D$5+$E$5)/$G$5) | K5: =IF($G$5=0,0,$E$5/$G$5)
A6: Total | C6: =SUM(C5:C5) | D6: =SUM(D5:D5) | E6: =SUM(E5:E5) | F6: =SUM(F5:F5) | G6: =SUM(G5:G5) | H6: =IF($G$6=0,0,C6/$G$6) | I6: =IF($G$6=0,0,D6/$G$6) | J6: =IF($G$6=0,0,(C6+D6+E6)/$G$6) | K6: =IF($G$6=0,0,E6/$G$6)
A8: Mỗi màn hình/chức năng là một sheet KBKTCN_* và một dòng ở bảng trên. Thêm màn hình mới: nhân bản sheet KBKTCN, rồi thêm một dòng trỏ sang sheet đó và mở rộng dải SUM ở dòng Total.

Sheet KBKTCN_Tên chức năng
C1: KỊCH BẢN KIỂM THỬ CHỨC NĂNG
C3: Tên màn hình/Tên chức năng | D3: <Tên màn hình / chức năng>
C4: Mã trường hợp kiểm thử | D4: <MÃ>
C6: Manual test | F6: Automation test
C7: Số trường hợp kiểm thử đạt (P) | D7: =COUNTIF($S$18:$S$1000,"P") | F7: Số trường hợp kiểm thử đạt (P) | G7: =COUNTIF($Z$18:$Z$1000,"P")
C8: Số trường hợp kiểm thử không đạt (F) | D8: =COUNTIF($S$18:$S$1000,"F") | F8: Số trường hợp kiểm thử không đạt (F) | G8: =COUNTIF($Z$18:$Z$1000,"F")
C9: Số trường hợp kiểm thử đang xem xét (PE) | D9: =COUNTIF($S$18:$S$1000,"PE") | F9: Số trường hợp kiểm thử đang xem xét (PE) | G9: =COUNTIF($Z$18:$Z$1000,"PE")
C10: Số trường hợp kiểm thử chưa thực hiện | D10: =D11-D7-D8-D9 | F10: Số trường hợp kiểm thử chưa thực hiện | G10: =G11-G7-G8-G9
C11: Tổng số trường hợp kiểm thử | D11: =COUNTIF($B$18:$B$1000,"?*") | F11: Tổng số trường hợp kiểm thử | G11: =COUNTIF($B$18:$B$1000,"?*")
C13: Ô nền vàng là chỗ cần điền. Cột ID (B) là công thức tự sinh — không gõ đè. Dòng nhóm (SUITE …) và dòng suite bỏ trống cột G thì ID tự bỏ qua chúng. Bộ đếm ở D7:D11 và G7:G11 tự cộng theo cột S và Z.
A15: ID BUG | B15: ID | C15: Mục đích kiểm thử | D15: Trường hợp kiểm thử | E15: Data test | F15: Các bước thực hiện | G15: Kết quả mong muốn | H15: Thứ tự ưu tiên | I15: Mức độ nghiêm trọng | J15: Hình ảnh IOS | K15: Hình ảnh Android | L15: Hình ảnh_DB | M15: Manual Test | S15: Kết quả test (M) | T15: Automation test | Z15: Kết quả test (AT) | AA15: Mã lỗi | AB15: Ghi chú
M16: Android (<thiết bị>) | P16: IOS (<thiết bị>, OS: <ver>) | T16: Browsers 1 | W16: Script
M17: Lần 1 | N17: Lần 2 | O17: Lần 3 | P17: Lần 1 | Q17: Lần 2 | R17: Lần 3 | T17: Lần 1 | U17: Lần 2 | V17: Lần 3 | W17: Lần 1 | X17: Lần 2 | Y17: Lần 3
B18: =IF(G18="","",$D$4&"_"&ROW()-17-COUNTBLANK($G$18:G18)) | C18: SUITE GIAO DIỆN
B19: =IF(G19="","",$D$4&"_"&ROW()-17-COUNTBLANK($G$18:G19)) | C19: Suite 1: <tên suite>
B20: =IF(G20="","",$D$4&"_"&ROW()-17-COUNTBLANK($G$18:G20)) | C20: Kiểm tra hiển thị tổng quan màn hình <X> | D20: TH: <điều kiện> thì <kết quả quan sát được> | E20: <tài khoản / dữ liệu cần có sẵn> | F20: 1. <thao tác> 2. <thao tác> | G20: 1. <điều phải đúng> 2. <điều phải đúng> | H20: HIGH | I20: MAJOR
B21: =IF(G21="","",$D$4&"_"&ROW()-17-COUNTBLANK($G$18:G21))
B22: =IF(G22="","",$D$4&"_"&ROW()-17-COUNTBLANK($G$18:G22))
B23: =IF(G23="","",$D$4&"_"&ROW()-17-COUNTBLANK($G$18:G23))
B24: =IF(G24="","",$D$4&"_"&ROW()-17-COUNTBLANK($G$18:G24))
B25: =IF(G25="","",$D$4&"_"&ROW()-17-COUNTBLANK($G$18:G25))
B26: =IF(G26="","",$D$4&"_"&ROW()-17-COUNTBLANK($G$18:G26))
B27: =IF(G27="","",$D$4&"_"&ROW()-17-COUNTBLANK($G$18:G27))
B28: =IF(G28="","",$D$4&"_"&ROW()-17-COUNTBLANK($G$18:G28))
B29: =IF(G29="","",$D$4&"_"&ROW()-17-COUNTBLANK($G$18:G29))
B30: =IF(G30="","",$D$4&"_"&ROW()-17-COUNTBLANK($G$18:G30))
B31: =IF(G31="","",$D$4&"_"&ROW()-17-COUNTBLANK($G$18:G31))
B32: =IF(G32="","",$D$4&"_"&ROW()-17-COUNTBLANK($G$18:G32))
... B1000: =IF(G1000="","",$D$4&"_"&ROW()-17-COUNTBLANK($G$18:G1000))
